{
  "assets": [
    {
      "data": {
        "firstPrice_tryn": 260.40029117115,
        "lastPrice_tryn": 268.16664488498,
        "firstPrice_brln": 93.727228515918,
        "lastPrice_brln": 96.522612522589,
        "firstPrice_gbpn": 13.833312481557,
        "lastPrice_gbpn": 14.245886512418,
        "firstPrice_ngnn": 0,
        "lastPrice_ngnn": 0,
        "firstPrice_uahn": 556.33021265369,
        "lastPrice_uahn": 572.92257971184,
        "firstPrice_jpyn": 2136.643209163,
        "lastPrice_jpyn": 2200.3678956755,
        "firstPrice_cnyn": 116.90416441789,
        "lastPrice_cnyn": 120.39079297505,
        "firstPrice_rubn": 0,
        "lastPrice_rubn": 0,
        "firstPrice_eurn": 16.504774060671,
        "lastPrice_eurn": 17.334420860221,
        "firstPrice_usd-n": 18.447588371968,
        "lastPrice_usd-n": 18.974490684579,
        "firstPrice_waves": 1,
        "lastPrice_waves": 1,
        "firstPrice_btc": 0.00042563421723558,
        "lastPrice_btc": 0.00046063583920188,
        "firstPrice_eth": 0.0063619111961906,
        "lastPrice_eth": 0.0069924974033252
      }
    },
    {
      "data": {
        "firstPrice_tryn": 3132.375525129,
        "lastPrice_tryn": 2954.9123118044,
        "firstPrice_brln": 1127.4521826417,
        "lastPrice_brln": 1063.576927074,
        "firstPrice_gbpn": 166.40200075741,
        "lastPrice_gbpn": 156.97457626084,
        "firstPrice_ngnn": 0,
        "lastPrice_ngnn": 0,
        "firstPrice_uahn": 6692.1397597858,
        "lastPrice_uahn": 6312.9998334705,
        "firstPrice_jpyn": 25701.848735325,
        "lastPrice_jpyn": 24245.722984002,
        "firstPrice_cnyn": 1406.2493623234,
        "lastPrice_cnyn": 1326.5789880112,
        "firstPrice_rubn": 0,
        "lastPrice_rubn": 0,
        "firstPrice_eurn": 198.73324014773,
        "lastPrice_eurn": 191.96035925068,
        "firstPrice_usd-n": 222.00742871613,
        "lastPrice_usd-n": 209.22661580654,
        "firstPrice_waves": 11.764571041612,
        "lastPrice_waves": 10.892026634177,
        "firstPrice_btc": 0.005125199116085,
        "lastPrice_btc": 0.0051475585219112,
        "firstPrice_eth": 0.076606598647317,
        "lastPrice_eth": 0.077441894760295
      }
    },
    {
      "data": {
        "firstPrice_tryn": 53.811858136186,
        "lastPrice_tryn": 52.071773446953,
        "firstPrice_brln": 19.368781431514,
        "lastPrice_brln": 18.742463716694,
        "firstPrice_gbpn": 2.8586613534999,
        "lastPrice_gbpn": 2.7662223813994,
        "firstPrice_ngnn": 0,
        "lastPrice_ngnn": 0,
        "firstPrice_uahn": 114.96593320058,
        "lastPrice_uahn": 111.24834256025,
        "firstPrice_jpyn": 441.53845121302,
        "lastPrice_jpyn": 427.26066328161,
        "firstPrice_cnyn": 24.158307515295,
        "lastPrice_cnyn": 23.377113509343,
        "firstPrice_rubn": 0,
        "lastPrice_rubn": 0,
        "firstPrice_eurn": 3.4074207267336,
        "lastPrice_eurn": 3.3762832844014,
        "firstPrice_usd-n": 3.8132433494515,
        "lastPrice_usd-n": 3.6890319805409,
        "firstPrice_waves": 0.20171808446845,
        "lastPrice_waves": 0.19205819203428,
        "firstPrice_btc": 8.7873212842095e-5,
        "lastPrice_btc": 9.0141555836803e-5,
        "firstPrice_eth": 0.0013134487557754,
        "lastPrice_eth": 0.0013615630977268
      }
    },
    {
      "data": {
        "firstPrice_tryn": 899.62514448761,
        "lastPrice_tryn": 961.34030698005,
        "firstPrice_brln": 323.80674812932,
        "lastPrice_brln": 346.02020692312,
        "firstPrice_gbpn": 47.791020831784,
        "lastPrice_gbpn": 51.069531480787,
        "firstPrice_ngnn": 0,
        "lastPrice_ngnn": 0,
        "firstPrice_uahn": 1921.9972669403,
        "lastPrice_uahn": 2053.8481543527,
        "firstPrice_jpyn": 7381.6275209094,
        "lastPrice_jpyn": 7888.0143695908,
        "firstPrice_cnyn": 403.87791170528,
        "lastPrice_cnyn": 431.58433042948,
        "firstPrice_rubn": 0,
        "lastPrice_rubn": 0,
        "firstPrice_eurn": 56.952479695869,
        "lastPrice_eurn": 62.185596872603,
        "firstPrice_usd-n": 63.733281219079,
        "lastPrice_usd-n": 68.104252031718,
        "firstPrice_waves": 3.3714772924125,
        "lastPrice_waves": 3.5480209300108,
        "firstPrice_btc": 0.0014687620701606,
        "lastPrice_btc": 0.0016520088673669,
        "firstPrice_eth": 0.021953666579594,
        "lastPrice_eth": 0.025082205185358
      }
    },
    {
      "data": {
        "firstPrice_tryn": 606796.10890913,
        "lastPrice_tryn": 578227.86255461,
        "firstPrice_brln": 218407.27330415,
        "lastPrice_brln": 208124.55609855,
        "firstPrice_gbpn": 32234.987715954,
        "lastPrice_gbpn": 30717.349325096,
        "firstPrice_ngnn": 0,
        "lastPrice_ngnn": 0,
        "firstPrice_uahn": 1296384.9110483,
        "lastPrice_uahn": 1235350.4993812,
        "firstPrice_jpyn": 4978899.1387691,
        "lastPrice_jpyn": 4744490.2243376,
        "firstPrice_cnyn": 272415.1795876,
        "lastPrice_cnyn": 259589.74473904,
        "firstPrice_rubn": 0,
        "lastPrice_rubn": 0,
        "firstPrice_eurn": 38528.401604297,
        "lastPrice_eurn": 37490.173176705,
        "firstPrice_usd-n": 43006.320815224,
        "lastPrice_usd-n": 40898.471704331,
        "firstPrice_waves": 2280.780768427,
        "lastPrice_waves": 2130.1036490313,
        "firstPrice_btc": 1,
        "lastPrice_btc": 1,
        "firstPrice_eth": 14.851793664541,
        "lastPrice_eth": 15.13861530613
      }
    },
    {
      "data": {
        "firstPrice_tryn": 40654.132314549,
        "lastPrice_tryn": 38098.292196314,
        "firstPrice_brln": 14632.852875951,
        "lastPrice_brln": 13712.916075056,
        "firstPrice_gbpn": 2159.6800581306,
        "lastPrice_gbpn": 2023.9054979354,
        "firstPrice_ngnn": 0,
        "lastPrice_ngnn": 0,
        "firstPrice_uahn": 86855.210391986,
        "lastPrice_uahn": 81394.805297614,
        "firstPrice_jpyn": 333576.33873461,
        "lastPrice_jpyn": 312605.09324263,
        "firstPrice_cnyn": 18251.27516944,
        "lastPrice_cnyn": 17103.855740436,
        "firstPrice_rubn": 0,
        "lastPrice_rubn": 0,
        "firstPrice_eurn": 2581.3247125601,
        "lastPrice_eurn": 2470.9522557554,
        "firstPrice_usd-n": 2881.3863869472,
        "lastPrice_usd-n": 2689.8475252741,
        "firstPrice_waves": 152.81349682575,
        "lastPrice_waves": 140.12899965788,
        "firstPrice_btc": 0.066569207054979,
        "lastPrice_btc": 0.06632192423557,
        "firstPrice_eth": 1,
        "lastPrice_eth": 1
      }
    },
    {
      "data": {
        "firstPrice_tryn": 1588.4355837594,
        "lastPrice_tryn": 1505.6648550445,
        "firstPrice_brln": 571.73386508996,
        "lastPrice_brln": 541.94176704816,
        "firstPrice_gbpn": 84.382877177836,
        "lastPrice_gbpn": 79.985826201092,
        "firstPrice_ngnn": 0,
        "lastPrice_ngnn": 0,
        "firstPrice_uahn": 3393.6010675147,
        "lastPrice_uahn": 3216.7661765077,
        "firstPrice_jpyn": 13033.47276598,
        "lastPrice_jpyn": 12354.320240341,
        "firstPrice_cnyn": 713.11262293861,
        "lastPrice_cnyn": 675.95351364903,
        "firstPrice_rubn": 0,
        "lastPrice_rubn": 0,
        "firstPrice_eurn": 101.32832304619,
        "lastPrice_eurn": 96.937571723028,
        "firstPrice_usd-n": 112.54326490828,
        "lastPrice_usd-n": 105.63401984187,
        "firstPrice_waves": 5.9986003685759,
        "lastPrice_waves": 5.5001141977456,
        "firstPrice_btc": 0.0026131225240057,
        "lastPrice_btc": 0.0025960058000204,
        "firstPrice_eth": 0.039047014822444,
        "lastPrice_eth": 0.039077125207956
      }
    },
    {
      "data": {
        "firstPrice_tryn": 14.246199071164,
        "lastPrice_tryn": 14.258981878803,
        "firstPrice_brln": 5.127708382433,
        "lastPrice_brln": 5.1323093647409,
        "firstPrice_gbpn": 0.75680454326512,